<archive xmlns="http://rs.tdwg.org/dwc/text/" 
         xmlns:xsi="http://www.w3.org/2001/XMLSchema-instance" 
         xsi:schemaLocation="http://rs.tdwg.org/dwc/text/   http://rs.tdwg.org/dwc/text/tdwg_dwc_text.xsd">

  <core encoding="UTF-8" fieldsTerminatedBy="\t" linesTerminatedBy="\n" fieldsEnclosedBy='' ignoreHeaderLines="0" rowType="http://rs.tdwg.org/dwc/terms/Taxon">
    <files>
      <location>taxon.txt</location>
    </files>
    <field index="0" term="http://rs.tdwg.org/dwc/terms/taxonID"/>
    <field index="1" term="http://rs.tdwg.org/dwc/terms/scientificName"/>
    <field index="2" term="http://rs.tdwg.org/dwc/terms/parentNameUsageID"/>
    <field index="3" term="http://rs.tdwg.org/dwc/terms/taxonRank"/>
  </core>

  <extension encoding="UTF-8" fieldsTerminatedBy="\t" linesTerminatedBy="\n" fieldsEnclosedBy='' ignoreHeaderLines="0" rowType="http://rs.tdwg.org/dwc/terms/Occurrence">
    <files>
      <location>occurrences.txt</location>
    </files>
    <field index="0" term="http://rs.tdwg.org/dwc/terms/occurrenceID"/>
    <field index="1" term="http://rs.tdwg.org/dwc/terms/taxonID"/>
  </extension>

  <extension encoding="UTF-8" fieldsTerminatedBy="\t" linesTerminatedBy="\n" fieldsEnclosedBy='' ignoreHeaderLines="0" rowType="http://eol.org/schema/reference/Reference">
    <files>
      <location>references.txt</location>
    </files>
    <field index="0" term="http://purl.org/dc/terms/identifier"/>
    <field index="1" term="http://eol.org/schema/reference/publicationType"/>
    <field index="2" term="http://eol.org/schema/reference/full_reference"/>
    <field index="3" term="http://eol.org/schema/reference/primaryTitle"/>
    <field index="4" term="http://purl.org/dc/terms/title"/>
    <field index="5" term="http://purl.org/ontology/bibo/pageStart"/>
    <field index="6" term="http://purl.org/ontology/bibo/pageEnd"/>
    <field index="7" term="http://purl.org/ontology/bibo/volume"/>
    <field index="8" term="http://purl.org/dc/terms/publisher"/>
    <field index="9" term="http://purl.org/ontology/bibo/authorList"/>
    <field index="10" term="http://purl.org/ontology/bibo/editorList"/>
    <field index="11" term="http://purl.org/dc/terms/created"/>
    <field index="12" term="http://purl.org/dc/terms/language"/>
    <field index="13" term="http://purl.org/ontology/bibo/uri"/>
    <field index="14" term="http://purl.org/ontology/bibo/doi"/>
  </extension>
  
  <extension encoding="UTF-8" fieldsTerminatedBy="\t" linesTerminatedBy="\n" fieldsEnclosedBy='' ignoreHeaderLines="0" rowType="http://rs.tdwg.org/dwc/terms/MeasurementOrFact">
    <files>
      <location>measurements.txt</location>
    </files>
    <field index="0" term="http://rs.tdwg.org/dwc/terms/measurementID"/>
    <field index="1" term="http://rs.tdwg.org/dwc/terms/occurrenceID"/>
    <field index="2" term="http://eol.org/schema/parentMeasurementID"/>
    <field index="3" term="http://eol.org/schema/measurementOfTaxon"/>
    <field index="4" term="http://rs.tdwg.org/dwc/terms/measurementType"/>
    <field index="5" term="http://rs.tdwg.org/dwc/terms/measurementValue"/>
    <field index="6" term="http://rs.tdwg.org/dwc/terms/measurementUnit"/>
    <field index="7" term="http://eol.org/schema/terms/statisticalMethod"/>
    <field index="8" term="http://purl.org/dc/terms/source"/>
    <field index="9" term="http://eol.org/schema/reference/referenceID"/>
    <field index="10" term="http://rs.tdwg.org/dwc/terms/measurementRemarks"/>
    <field index="11" term="http://purl.org/dc/terms/contributor"/>
  </extension>

</archive>